{
  "n_states": 3,
  "label_map": {
    "0": "expansion",
    "1": "normal",
    "2": "stress"
  },
  "transition_matrix": [
    [
      0.9817634368461384,
      0.017930696953008328,
      0.0003058662008532381
    ],
    [
      0.024489365504840075,
      0.9678525118502465,
      0.007658122644913561
    ],
    [
      9.116233797068398e-125,
      0.02041387035217332,
      0.9795861296478267
    ]
  ],
  "means_original": [
    [
      0.0006940401713412787,
      0.09510405617276067
    ],
    [
      0.0005672365804603857,
      0.16244989997330608
    ],
    [
      0.0005604050797862051,
      0.35999290823841634
    ]
  ],
  "covars_scaled": [
    [
      [
        0.2589270815582496,
        -0.0013517523747441816
      ],
      [
        -0.001351752374744183,
        0.026895729279008542
      ]
    ],
    [
      [
        0.7074744862834823,
        0.0066107421867322835
      ],
      [
        0.006610742186732284,
        0.0599312490306193
      ]
    ],
    [
      [
        4.258635706525194,
        0.13180854499834188
      ],
      [
        0.13180854499834188,
        2.481929556797113
      ]
    ]
  ],
  "scaler_mean": [
    0.0006284516811757213,
    0.1579255344718091
  ],
  "scaler_scale": [
    0.012157424035231148,
    0.11364895485393169
  ],
  "bic": 13848.215901548576,
  "aic": 13710.282305854971,
  "loglik": -6834.141152927486,
  "roll_window": 21,
  "obs_features": [
    "port_return",
    "roll_vol"
  ],
  "labelling_criterion": "rolling_volatility_ascending"
}