{
  "n_states": 3,
  "label_map": {
    "0": "expansion",
    "1": "normal",
    "2": "stress"
  },
  "transition_matrix": [
    [
      0.981763436845678,
      0.017930696953445405,
      0.0003058662008764918
    ],
    [
      0.02448936550419045,
      0.967852511851063,
      0.007658122644746505
    ],
    [
      9.116233741489489e-125,
      0.02041387035153167,
      0.9795861296484683
    ]
  ],
  "means_original": [
    [
      0.0006940401713411566,
      0.09510405617276543
    ],
    [
      0.0005672365804608015,
      0.1624498999733149
    ],
    [
      0.0005604050797854511,
      0.35999290823841756
    ]
  ],
  "covars_scaled": [
    [
      [
        0.25892708155827215,
        -0.0013517523747459635
      ],
      [
        -0.0013517523747459655,
        0.026895729279016727
      ]
    ],
    [
      [
        0.7074744862834877,
        0.0066107421867241615
      ],
      [
        0.006610742186724162,
        0.059931249030610007
      ]
    ],
    [
      [
        4.258635706525412,
        0.13180854499846334
      ],
      [
        0.13180854499846334,
        2.4819295567971764
      ]
    ]
  ],
  "scaler_mean": [
    0.0006284516811757213,
    0.1579255344718091
  ],
  "scaler_scale": [
    0.012157424035231148,
    0.11364895485393169
  ],
  "bic": 13848.215901549998,
  "aic": 13710.282305856394,
  "loglik": -6834.141152928197,
  "roll_window": 21,
  "obs_features": [
    "port_return",
    "roll_vol"
  ],
  "labelling_criterion": "rolling_volatility_ascending"
}